{
  "CC(=O)Nc1ccc(O)cc1": {
    "AMES": 0.2704346117035571,
    "BBB_Martins": 0.3823422683776033,
    "Clearance_Microsome_AZ": 0.6416847265583847,
    "PAMPA_NCATS": 0.6096201050491495,
    "QED": 0.8914009410280859,
    "SA": 0.23934677238609725,
    "affinity": 1.3523038064202706,
    "hERG": 0.41163367217530933,
    "lipinski": 0.0,
    "logP": -1.3523038064202706
  },
  "CCO": {
    "AMES": 0.49245734952322506,
    "BBB_Martins": 0.7017598170655459,
    "Clearance_Microsome_AZ": 0.7285807210029681,
    "PAMPA_NCATS": 0.7143663857503295,
    "QED": 0.5188057894191438,
    "SA": 0.6393935179299339,
    "affinity": 1.6491882637135724,
    "hERG": 0.4101947516779209,
    "lipinski": 2.0,
    "logP": -1.6491882637135724
  },
  "c1ccccc1": {
    "AMES": 0.5187412234378559,
    "BBB_Martins": 0.7080263135930589,
    "Clearance_Microsome_AZ": 0.48353651411770204,
    "PAMPA_NCATS": 0.3972465109982744,
    "QED": 0.8172654381416492,
    "SA": 0.07775825092431443,
    "affinity": -1.5358750954967775,
    "hERG": 0.3520406874936663,
    "lipinski": 4.0,
    "logP": 1.5358750954967775
  }
}