{
  "mi_loss": 0.3209441304206848,
  "recon_loss": 0.25922977924346924,
  "tc_loss": 0.32696476578712463,
  "z_pi_shapes": {
    "p0": [
      4,
      7
    ],
    "p1": [
      4,
      7
    ],
    "p2": [
      4,
      7
    ],
    "p3": [
      4,
      7
    ],
    "p4": [
      4,
      7
    ],
    "p5": [
      4,
      7
    ],
    "p6": [
      4,
      7
    ],
    "p7": [
      4,
      7
    ],
    "p8": [
      4,
      7
    ],
    "p9": [
      4,
      7
    ]
  },
  "z_shared_shape": [
    4,
    12
  ]
}